Organization_ID,Industry,Company_Size,Primary_AI_Tool,Adoption_Year,Employee_Count,Satisfaction_Score,AI_Investment_USD,Cost_Savings_USD,Productivity_Gain_Pct
ORG_001,Retail,Small (<100),Generative AI Content,2022,1153,2,294709.0582243069,356397.25986995746,15.053552881033625
ORG_002,Tech,Small (<100),DevOps Copilots,2023,3689,10,710264.3883104488,879971.8864022,32.153137621075885
ORG_003,Manufacturing,Small (<100),Customer Chatbots,2021,2827,10,538322.3323805748,625752.9211832609,39.222953720281595
ORG_004,Tech,Small (<100),DevOps Copilots,2025,2972,10,535769.7812863137,812792.3398399194,31.62654097156085
ORG_005,Finance,Medium (100-999),Automation Systems,2024,1411,9,369108.6040917487,588640.2558357555,33.89999759854093
ORG_006,Healthcare,Medium (100-999),Automation Systems,2022,272,6,62984.64542576206,75979.21371101588,24.992312594922772
ORG_007,Manufacturing,Medium (100-999),Predictive Analytics,2023,2030,9,475101.38432927936,661230.1729839046,31.11996443713611
ORG_008,Education,Small (<100),Customer Chatbots,2021,395,2,69654.66806581954,97391.4714059479,13.847673116745
ORG_009,Healthcare,Medium (100-999),Generative AI Content,2026,104,2,31407.692688478608,44614.02755475104,11.115521735958765
ORG_010,Finance,Medium (100-999),Generative AI Content,2026,1473,9,429407.19487328123,609532.6694886651,33.58970211438172
ORG_011,Tech,Large (1000+),DevOps Copilots,2026,4354,1,1049226.6893879718,1344573.9126571475,17.353213789438122
ORG_012,Manufacturing,Small (<100),Predictive Analytics,2025,655,2,175288.28039668934,250640.4020412018,19.46848679704991
ORG_013,Tech,Medium (100-999),DevOps Copilots,2023,1745,9,466710.1097755,606487.9908187399,34.21686959638283
ORG_014,Finance,Large (1000+),Customer Chatbots,2022,1850,2,376712.29839365184,455862.82675450976,10.709930860090324
ORG_015,Retail,Small (<100),Automation Systems,2025,590,9,115301.2560318327,134459.2428079606,36.85514240580671
ORG_016,Healthcare,Medium (100-999),Customer Chatbots,2025,1569,2,262752.2603811593,350383.38000947377,17.290758494598506
ORG_017,Retail,Large (1000+),Automation Systems,2021,2789,2,525447.6722590729,688830.8022948944,12.785451446669406
ORG_018,Tech,Large (1000+),Customer Chatbots,2025,4518,2,718418.7719429731,964707.4996129248,12.137472991991817
ORG_019,Finance,Small (<100),Customer Chatbots,2021,3208,5,933409.2183732373,1351852.605660994,24.805053174154658
ORG_020,Manufacturing,Medium (100-999),Customer Chatbots,2022,2440,4,726141.050750044,1070323.035499552,15.571652729074831
ORG_021,Healthcare,Medium (100-999),DevOps Copilots,2022,4170,2,1165096.9004418387,1830131.955137348,15.696754101381849
ORG_022,Healthcare,Small (<100),Automation Systems,2023,4791,10,1101222.1542277592,1605687.508503324,32.38685952615846
ORG_023,Finance,Medium (100-999),Generative AI Content,2024,604,1,135259.8636326823,166721.3359631856,16.832593779937092
ORG_024,Manufacturing,Large (1000+),Generative AI Content,2023,3599,9,926208.9387833232,1326048.111506437,36.889300039271035
ORG_025,Tech,Small (<100),Automation Systems,2025,1283,5,250163.08903549568,361172.6006610327,26.029128153918975
ORG_026,Healthcare,Small (<100),Automation Systems,2021,3479,5,549199.6475629861,873171.9577821506,19.115819762738862
ORG_027,Finance,Medium (100-999),DevOps Copilots,2021,626,3,152880.72552763743,179489.14077224673,13.774455192821389
ORG_028,Finance,Large (1000+),Automation Systems,2025,1730,4,436428.5294629108,670946.1762279699,24.73837022637289
ORG_029,Retail,Large (1000+),Predictive Analytics,2025,1460,7,230643.619333869,361051.3537130799,30.522351389371387
ORG_030,Manufacturing,Large (1000+),Generative AI Content,2022,895,7,257920.70376521064,389020.0701421339,27.10303234678942
ORG_031,Finance,Large (1000+),Predictive Analytics,2022,1592,7,320075.15808414674,416046.23492099287,32.3114968719826
ORG_032,Healthcare,Large (1000+),Automation Systems,2025,2149,3,515009.49653315643,769019.4362445549,16.86393883870608
ORG_033,Education,Small (<100),DevOps Copilots,2022,373,7,64208.26767777553,93725.77142581012,29.919500778394763
ORG_034,Retail,Medium (100-999),Automation Systems,2026,2714,10,544155.8188405583,680282.4556118913,33.09284662208653
ORG_035,Finance,Medium (100-999),Generative AI Content,2024,1581,7,398191.66294307157,472658.94783254486,28.191052548658092
ORG_036,Finance,Large (1000+),Generative AI Content,2023,3531,10,854875.7578310872,1229152.0051065495,35.11173996874587
ORG_037,Manufacturing,Large (1000+),Predictive Analytics,2024,2334,9,587966.5678982437,926635.2117743023,29.84868598526684
ORG_038,Finance,Large (1000+),Predictive Analytics,2021,2015,8,493699.12865490397,761811.5514541041,30.75670899409318
ORG_039,Retail,Medium (100-999),Customer Chatbots,2022,55,2,14747.413928178088,21353.604833088903,14.645498845742521
ORG_040,Healthcare,Large (1000+),Automation Systems,2024,3816,9,1149424.8771113644,1776680.9324367738,33.626523227617625
ORG_041,Retail,Medium (100-999),DevOps Copilots,2023,1313,8,295985.74172835995,366624.4191742447,32.77674835333972
ORG_042,Healthcare,Small (<100),Customer Chatbots,2021,2350,4,451934.3768692042,528395.8121892071,17.312614797281867
ORG_043,Retail,Medium (100-999),Automation Systems,2023,2720,9,601449.8341426309,946099.244152597,27.695319567377272
ORG_044,Manufacturing,Medium (100-999),Customer Chatbots,2021,2891,5,764294.053449223,1049426.2971571765,23.532525889412412
ORG_045,Tech,Small (<100),Customer Chatbots,2024,3195,6,808516.4347071046,1229149.3992030504,29.19541620668976
ORG_046,Education,Medium (100-999),Customer Chatbots,2024,232,2,59845.68946056062,67334.91768681594,13.791038641881396
ORG_047,Tech,Medium (100-999),Customer Chatbots,2023,3463,5,957738.5435063274,1078454.5951452288,27.01919692381921
ORG_048,Tech,Small (<100),Automation Systems,2025,2035,4,566971.3340844254,757916.240740399,16.143894461093065
ORG_049,Education,Medium (100-999),Generative AI Content,2025,1384,10,339625.2553504391,512715.46615264146,39.64720773034088
ORG_050,Tech,Small (<100),Generative AI Content,2024,3084,7,900586.8096416217,1364646.4195283072,24.92849380537132
ORG_051,Retail,Medium (100-999),DevOps Copilots,2025,4646,1,943475.8883394803,1276504.3799261914,10.912311748612833
ORG_052,Manufacturing,Large (1000+),Automation Systems,2023,2977,8,766567.1824208209,1213274.1395911481,27.700823963874008
ORG_053,Manufacturing,Medium (100-999),Customer Chatbots,2024,4863,5,968173.9560274947,1428287.146970873,23.198496446783224
ORG_054,Retail,Medium (100-999),Customer Chatbots,2025,1499,8,279094.24567487097,429849.79059392784,32.01183750332201
ORG_055,Finance,Small (<100),Predictive Analytics,2021,3339,8,782209.3923208535,1138835.2396505603,29.48174549586571
ORG_056,Tech,Small (<100),Customer Chatbots,2024,2518,10,522358.5986843639,834893.9660120717,35.503884727566785
ORG_057,Finance,Medium (100-999),Generative AI Content,2023,998,4,202744.57085766862,297893.0696980101,17.764996269686893
ORG_058,Healthcare,Large (1000+),DevOps Copilots,2023,833,4,166281.8869342756,241775.40052189253,16.265829598479815
ORG_059,Tech,Small (<100),Generative AI Content,2024,1044,8,177554.45134824768,281024.0986357955,27.524783904929727
ORG_060,Manufacturing,Small (<100),Automation Systems,2023,616,10,155870.4890763439,248918.7899283201,31.184515622114617
ORG_061,Manufacturing,Medium (100-999),DevOps Copilots,2022,4290,7,937000.6177604795,1494530.6308663154,25.553802443193604
ORG_062,Retail,Medium (100-999),Automation Systems,2026,1712,4,327870.71155758906,451148.8278792737,16.565326154431382
ORG_063,Finance,Medium (100-999),Customer Chatbots,2023,1906,5,494294.3156214914,713608.9765012149,26.739110444825485
ORG_064,Manufacturing,Medium (100-999),Predictive Analytics,2023,4471,4,1107356.811353985,1533250.1440564839,17.886105883058416
ORG_065,Tech,Medium (100-999),Customer Chatbots,2026,4109,9,925356.5476074436,1133731.9912720327,28.413268866309853
ORG_066,Education,Large (1000+),DevOps Copilots,2024,179,5,48416.716815694395,65821.65116060477,21.92229404420203
ORG_067,Finance,Large (1000+),Customer Chatbots,2024,4038,2,894922.1301539111,1031218.71893154,11.608248526588355
ORG_068,Finance,Medium (100-999),Customer Chatbots,2025,4516,1,989558.6577725841,1568541.871575921,11.541750570007457
ORG_069,Healthcare,Large (1000+),DevOps Copilots,2024,454,4,109244.72131225899,144314.51395172643,15.516117751863467
ORG_070,Finance,Small (<100),Generative AI Content,2023,3980,2,621457.9977558664,904153.9041956076,13.10750138393335
ORG_071,Tech,Medium (100-999),Predictive Analytics,2026,939,8,279842.53966124187,438324.7940847602,27.918615602617862
ORG_072,Retail,Medium (100-999),Customer Chatbots,2026,2006,8,466663.49733908346,631918.5830537288,33.793262551464764
ORG_073,Manufacturing,Small (<100),Customer Chatbots,2023,4169,5,1142418.3880609223,1591924.450233282,27.489023332293385
ORG_074,Healthcare,Small (<100),DevOps Copilots,2024,2733,9,721415.4430725113,1107229.0291832162,37.30774631332594
ORG_075,Tech,Medium (100-999),Customer Chatbots,2021,3884,7,815662.6348656431,1297237.2520038355,27.453286496164235
ORG_076,Tech,Medium (100-999),DevOps Copilots,2023,832,8,143558.24960307137,202651.0888571773,28.974833238857734
ORG_077,Tech,Medium (100-999),DevOps Copilots,2023,2604,8,742044.1636760174,1186315.6224580314,32.46766366737927
ORG_078,Finance,Small (<100),Automation Systems,2023,2463,1,392879.28913630656,505800.8684949393,8.955697956993983
ORG_079,Healthcare,Medium (100-999),Predictive Analytics,2022,656,10,189631.64527561876,295145.4438851161,31.431177201285095
ORG_080,Healthcare,Small (<100),Generative AI Content,2024,3821,5,964420.6421638827,1227498.017097851,23.375717051264214
ORG_081,Retail,Medium (100-999),Generative AI Content,2024,2484,4,749331.6142966645,935118.0436194343,21.99279079550734
ORG_082,Tech,Large (1000+),Customer Chatbots,2023,4646,1,1341541.2219795575,2081357.5511100753,15.257409796033809
ORG_083,Tech,Large (1000+),Predictive Analytics,2024,2063,3,512775.02975094353,643259.0671059667,16.908231901628117
ORG_084,Healthcare,Medium (100-999),Automation Systems,2026,2686,7,475925.2597091877,754696.001301495,27.80852373702785
ORG_085,Education,Large (1000+),Generative AI Content,2026,3957,5,1041044.898033071,1646356.9627820826,18.907570150058827
ORG_086,Education,Large (1000+),Customer Chatbots,2026,4575,6,752728.5738263596,874515.817991488,23.68585658616039
ORG_087,Retail,Small (<100),Customer Chatbots,2025,3053,2,771734.1692442567,1212845.5110048961,13.280062818173759
ORG_088,Retail,Medium (100-999),Customer Chatbots,2026,2485,7,419273.37159041886,542675.1327399012,26.210115154868827
ORG_089,Education,Medium (100-999),DevOps Copilots,2023,1275,7,324482.6761645381,509284.1696926323,25.297401400857886
ORG_090,Retail,Small (<100),Customer Chatbots,2026,2981,2,886141.4773891439,1260459.5160558396,10.605500891666088
ORG_091,Finance,Large (1000+),Customer Chatbots,2021,1747,10,519211.4071153109,827836.0942870716,37.86978099976316
ORG_092,Tech,Large (1000+),DevOps Copilots,2022,1779,4,358124.8705716567,438820.1085095733,16.744971209013933
ORG_093,Retail,Small (<100),Automation Systems,2023,1959,10,395740.23934971914,582859.1404930549,34.7624596542325
ORG_094,Manufacturing,Medium (100-999),Automation Systems,2024,1824,10,290600.4786782211,459733.76168284327,30.60825407494506
ORG_095,Healthcare,Medium (100-999),Automation Systems,2024,3643,2,1042137.6765463857,1212105.9485189891,16.24317494281208
ORG_096,Healthcare,Medium (100-999),Customer Chatbots,2026,4356,5,955259.2041640012,1385975.7490098968,26.02792737295575
ORG_097,Retail,Large (1000+),Predictive Analytics,2023,1881,7,382506.3627281347,438942.468265085,26.76764006260958
ORG_098,Retail,Medium (100-999),Predictive Analytics,2024,3895,2,640043.982763218,942333.2257211045,13.726468593759035
ORG_099,Tech,Small (<100),DevOps Copilots,2024,1011,7,212544.9017903889,326053.6722326193,29.710606787461494
ORG_100,Education,Medium (100-999),Generative AI Content,2022,4166,4,726190.7617665998,925934.6120275768,20.56265476104327
ORG_101,Tech,Small (<100),Predictive Analytics,2025,4605,10,1120078.5529605066,1752410.1023745306,38.29460789959663
ORG_102,Finance,Small (<100),Generative AI Content,2026,2885,1,512681.0831725926,581786.7560591612,14.9096905911842
ORG_103,Education,Small (<100),DevOps Copilots,2022,3449,8,697111.0684980609,1037592.5298890513,30.675935566143973
ORG_104,Tech,Small (<100),Predictive Analytics,2025,417,2,85650.29590150589,113145.93318775913,12.731668443647695
ORG_105,Manufacturing,Small (<100),Customer Chatbots,2022,4868,8,1119124.0018410317,1781894.784392815,25.54781958518081
ORG_106,Tech,Large (1000+),Predictive Analytics,2025,2381,6,404986.65150590916,471644.55904545286,25.325823478674238
ORG_107,Tech,Medium (100-999),Generative AI Content,2021,356,7,60010.11285371794,87299.68051576345,26.676939598434807
ORG_108,Tech,Small (<100),Generative AI Content,2022,3779,6,623368.4302243047,869247.1585435102,25.239625430006317
ORG_109,Finance,Medium (100-999),Generative AI Content,2022,1387,2,316553.6667576354,491595.614673778,13.493752654723803
ORG_110,Retail,Large (1000+),Predictive Analytics,2022,1209,5,223590.4583603523,319232.2842570005,19.271461289472292
ORG_111,Manufacturing,Medium (100-999),DevOps Copilots,2025,3687,10,916123.1485940742,1452500.9138446897,33.1613889449058
ORG_112,Finance,Medium (100-999),Generative AI Content,2025,4854,1,986634.8636148046,1103850.6597787666,11.187375994898128
ORG_113,Finance,Medium (100-999),Automation Systems,2024,4163,7,919285.4847480982,1422997.28657263,26.997337036509062
ORG_114,Manufacturing,Medium (100-999),Generative AI Content,2024,4117,3,1213093.410144543,1842311.1195277679,22.323855810933974
ORG_115,Tech,Medium (100-999),Automation Systems,2022,3596,8,827674.8543277321,1290318.9388677285,28.874165595231158
ORG_116,Manufacturing,Medium (100-999),Automation Systems,2025,2751,2,554021.0886586694,679228.6870867085,18.515662599844042
ORG_117,Education,Medium (100-999),Predictive Analytics,2023,4783,3,1378276.6946687812,1972407.091893832,13.789516582715603
ORG_118,Retail,Small (<100),DevOps Copilots,2023,2700,3,685717.842886752,989290.0829107123,17.763933397341738
ORG_119,Retail,Medium (100-999),Generative AI Content,2021,2540,3,746073.3381603654,892305.6647885268,22.499766211030284
ORG_120,Tech,Small (<100),Automation Systems,2024,4431,9,692342.2566285825,806941.8768275998,31.267198708225248
ORG_121,Tech,Large (1000+),DevOps Copilots,2025,1366,8,217192.191683823,344204.9477551935,31.10595422125816
ORG_122,Manufacturing,Large (1000+),Predictive Analytics,2024,2545,8,728578.6979348845,1009234.2771753083,29.405974035090203
ORG_123,Manufacturing,Large (1000+),DevOps Copilots,2024,1337,4,364588.2973718551,517930.3136691939,23.74116945052237
ORG_124,Healthcare,Small (<100),DevOps Copilots,2025,2345,2,623025.3986978676,980147.6888280804,12.220380069069806
ORG_125,Healthcare,Medium (100-999),Automation Systems,2023,3257,9,675823.6096709864,819280.2678145367,30.686848754497312
ORG_126,Tech,Medium (100-999),Generative AI Content,2025,1137,1,228199.97298145932,266856.2145410723,14.555361752890803
ORG_127,Finance,Small (<100),Automation Systems,2021,1776,3,419252.46353366587,484485.3924387878,15.381015780392305
ORG_128,Finance,Small (<100),Customer Chatbots,2024,3754,2,633971.1823777579,702578.0704509165,15.15375730209406
ORG_129,Tech,Small (<100),Customer Chatbots,2021,2900,4,685005.1675713982,932800.4979052393,18.606037577068754
ORG_130,Education,Medium (100-999),DevOps Copilots,2024,3208,8,506529.4611828573,746451.3425297611,28.57093876514733
ORG_131,Tech,Small (<100),Automation Systems,2025,2733,3,433971.9742403123,515361.05873166496,20.291425934782815
ORG_132,Healthcare,Medium (100-999),Predictive Analytics,2025,526,8,81916.61829466643,126388.75657801493,28.155958200497253
ORG_133,Finance,Medium (100-999),DevOps Copilots,2024,309,4,65346.42875401805,97998.15760159068,19.369513831249364
ORG_134,Finance,Medium (100-999),Customer Chatbots,2023,1540,8,393622.5348907019,485478.4265745055,25.826115066340662
ORG_135,Finance,Medium (100-999),Predictive Analytics,2024,2641,2,433665.43392717664,607700.0621617404,14.261160728830454
ORG_136,Retail,Medium (100-999),Automation Systems,2025,2898,10,874337.1067919185,1311984.786238949,36.794106078146896
ORG_137,Education,Small (<100),DevOps Copilots,2024,3599,1,610442.5172242179,782022.8255576511,16.994671118799197
ORG_138,Tech,Small (<100),Customer Chatbots,2026,3057,8,814001.4028269413,1057401.6789987243,31.495607367060316
ORG_139,Tech,Small (<100),Predictive Analytics,2024,3180,9,541359.6264121503,653575.4717266059,33.61877182763642
ORG_140,Retail,Large (1000+),Predictive Analytics,2022,616,8,114951.09356727845,143134.9338920068,27.99956678236738
ORG_141,Tech,Medium (100-999),Predictive Analytics,2025,4177,4,706398.2336187378,1056197.1240078262,15.262840268082657
ORG_142,Healthcare,Medium (100-999),DevOps Copilots,2022,716,2,145999.75408311063,220703.4044190022,10.737507129112391
ORG_143,Education,Medium (100-999),Customer Chatbots,2024,4248,6,726490.9946700162,1012650.7085470802,27.67781637357657
ORG_144,Tech,Medium (100-999),Automation Systems,2025,4254,3,837252.4346675631,953990.5017739729,14.463019194830736
ORG_145,Education,Small (<100),Generative AI Content,2024,775,9,196515.94437132846,232989.36486684578,33.744791874336656
ORG_146,Education,Medium (100-999),DevOps Copilots,2021,242,2,44097.00879714192,62863.15184948878,17.66959000916311
ORG_147,Finance,Medium (100-999),Customer Chatbots,2025,4479,5,1107216.185424203,1664892.9180799727,21.560925267445583
ORG_148,Healthcare,Medium (100-999),Predictive Analytics,2023,3976,8,723611.6906788482,1055880.750655306,32.34199754804547
ORG_149,Manufacturing,Large (1000+),Predictive Analytics,2025,4228,9,705532.0115295144,934687.4020419404,28.908776350081837
ORG_150,Tech,Large (1000+),DevOps Copilots,2023,1318,6,388239.1582223749,457994.5559757662,29.959694110954167
ORG_151,Healthcare,Large (1000+),Customer Chatbots,2021,3231,9,709111.796865551,797275.0045890417,30.313563383735286
ORG_152,Healthcare,Large (1000+),Customer Chatbots,2023,76,2,22740.3648435308,29569.087433628156,15.702816438810293
ORG_153,Tech,Medium (100-999),Automation Systems,2023,3699,9,713278.1894323693,905537.0827822551,36.88948566955375
ORG_154,Manufacturing,Small (<100),DevOps Copilots,2023,339,1,61567.131521104355,83710.75731335906,8.989406645764449
ORG_155,Manufacturing,Small (<100),DevOps Copilots,2023,3229,10,846401.3416897546,1281574.0996495832,35.32339829875876
ORG_156,Retail,Small (<100),Automation Systems,2023,907,7,224169.52751114056,323705.6903608373,22.766471549638332
ORG_157,Healthcare,Large (1000+),DevOps Copilots,2024,430,10,100787.14368234776,149901.02770297634,33.801903363151524
ORG_158,Manufacturing,Small (<100),DevOps Copilots,2026,910,4,143331.64523960155,207150.07898147492,19.103774093227052
ORG_159,Manufacturing,Large (1000+),Automation Systems,2025,4259,4,1001876.0816219639,1375712.7259801736,21.75868576556368
ORG_160,Manufacturing,Medium (100-999),Generative AI Content,2024,1585,4,311353.3544815674,418615.06450858974,19.798034232020612
ORG_161,Healthcare,Large (1000+),Generative AI Content,2023,4707,9,978123.8162316481,1425195.4985830695,30.963635140956164
ORG_162,Finance,Small (<100),Customer Chatbots,2022,4422,5,1287954.946285727,1813232.5818086364,23.36830498570815
ORG_163,Tech,Medium (100-999),DevOps Copilots,2022,1917,1,320258.2909869995,461362.81081400346,8.874670341996955
ORG_164,Education,Large (1000+),Predictive Analytics,2023,3906,8,973282.5226836203,1209505.656649487,25.591625862414908
ORG_165,Manufacturing,Medium (100-999),Predictive Analytics,2024,315,3,73209.30043415602,107947.23067778943,21.222906852218486
ORG_166,Finance,Small (<100),Generative AI Content,2024,889,6,175956.33874841355,268426.65045143804,24.6802076900629
ORG_167,Tech,Small (<100),Predictive Analytics,2025,2117,3,326229.67548175686,468857.4755361272,14.431612877212086
ORG_168,Retail,Medium (100-999),Customer Chatbots,2025,4231,6,695410.4819173074,813843.01620811,23.236016700850826
ORG_169,Tech,Small (<100),Predictive Analytics,2023,2197,6,435772.53486956394,492885.82712941914,21.182248478039725
ORG_170,Finance,Medium (100-999),DevOps Copilots,2026,2557,2,635918.1639508558,769731.0019413672,19.573605368552265
ORG_171,Healthcare,Medium (100-999),DevOps Copilots,2023,4509,8,1196394.7012039209,1672448.8060554136,32.87370689823257
ORG_172,Healthcare,Medium (100-999),Generative AI Content,2021,4631,2,742880.8302417636,1029893.4608815621,11.498523813824143
ORG_173,Finance,Medium (100-999),Automation Systems,2024,4787,8,788536.7269557558,1046164.410591224,30.132478432016416
ORG_174,Healthcare,Small (<100),Customer Chatbots,2024,2534,1,539871.496242018,749965.5298467376,7.952898027278287
ORG_175,Finance,Small (<100),Automation Systems,2026,575,8,92633.69196303627,137367.78399770035,34.783332849241006
ORG_176,Retail,Medium (100-999),Customer Chatbots,2023,3102,7,507219.8545456682,806156.058078034,30.848216116687155
ORG_177,Manufacturing,Large (1000+),Customer Chatbots,2024,4470,7,1033635.8836593147,1315901.0338058511,25.256497277951272
ORG_178,Education,Medium (100-999),Automation Systems,2021,3444,10,916221.603485452,1023225.4184393258,35.97784896731552
ORG_179,Retail,Small (<100),Automation Systems,2023,1929,9,357235.6530377865,538673.1864286126,34.815174831160185
ORG_180,Finance,Medium (100-999),Generative AI Content,2022,1183,9,220945.1083833162,347825.07449697267,36.29713890963883
ORG_181,Education,Medium (100-999),Customer Chatbots,2024,394,6,122492.38022431135,154262.8894148321,24.163246334214445
ORG_182,Tech,Medium (100-999),DevOps Copilots,2024,1856,5,519867.03002732346,586832.1248646011,21.626774889810843
ORG_183,Finance,Medium (100-999),Customer Chatbots,2022,1675,6,417283.1445933116,599567.4277859492,26.029220449890758
ORG_184,Manufacturing,Small (<100),DevOps Copilots,2025,4588,4,1025019.5688732967,1618003.5169297645,15.153337062284928
ORG_185,Education,Large (1000+),Automation Systems,2025,3933,4,1006493.4585627278,1227585.3267329186,18.216150088274023
ORG_186,Finance,Medium (100-999),Generative AI Content,2023,2956,9,839247.2792764191,1226313.820108739,35.116289693097116
ORG_187,Finance,Small (<100),Generative AI Content,2023,4618,4,1212195.2741865793,1512330.1495518405,16.961917827268337
ORG_188,Tech,Medium (100-999),Predictive Analytics,2024,2775,5,738857.6314290388,1085970.7635938805,22.108289984482052
ORG_189,Retail,Medium (100-999),Predictive Analytics,2025,4010,3,1158418.605766995,1308278.616996687,12.838237571646905
ORG_190,Manufacturing,Large (1000+),Automation Systems,2025,3388,3,938234.46562266,1036346.3293971001,17.557329196930652
ORG_191,Finance,Medium (100-999),DevOps Copilots,2026,4006,1,610052.6823224715,832544.2783170186,10.24740737197832
ORG_192,Education,Small (<100),Customer Chatbots,2025,1478,2,430341.6583690885,606734.5819804688,12.524181963146805
ORG_193,Finance,Large (1000+),Automation Systems,2023,3336,8,792277.7856488787,1130475.7083597176,33.58219159021187
ORG_194,Manufacturing,Small (<100),Customer Chatbots,2023,3909,1,965465.9416641806,1470081.098881932,13.949072419433021
ORG_195,Finance,Large (1000+),Automation Systems,2025,358,4,69964.93089056459,79562.30241689393,24.25584810080923
ORG_196,Manufacturing,Medium (100-999),Automation Systems,2022,2586,1,767059.271487179,1117111.1422487786,11.48296020395122
ORG_197,Tech,Small (<100),Predictive Analytics,2024,3197,9,644650.7645941629,1027727.376730481,34.74163570094315
ORG_198,Healthcare,Large (1000+),Automation Systems,2021,1911,2,387715.77379613835,432230.5188168248,12.733270286287972
ORG_199,Education,Medium (100-999),Generative AI Content,2024,3085,7,554175.4734623535,823551.1391978579,25.453794807050762
ORG_200,Tech,Small (<100),Generative AI Content,2022,1273,7,255391.95742596913,315379.2431619403,23.825070044941995
ORG_201,Tech,Medium (100-999),DevOps Copilots,2024,856,1,145368.58869661274,216921.82269807503,16.137181772681913
ORG_202,Tech,Medium (100-999),Automation Systems,2025,4593,4,1086171.462249794,1270190.6634041723,18.011312653750686
ORG_203,Healthcare,Small (<100),Customer Chatbots,2023,2465,8,665644.201169399,937449.6240167198,29.578616329056945
ORG_204,Tech,Small (<100),Customer Chatbots,2023,3122,6,678107.3451768764,966654.5175142052,25.943929190644955
ORG_205,Finance,Medium (100-999),Predictive Analytics,2024,1465,7,435281.61695962114,585673.0072029197,28.258792816249606
ORG_206,Tech,Medium (100-999),Customer Chatbots,2023,4629,4,1111054.7109781217,1527755.3120195018,24.530046114862962
ORG_207,Healthcare,Medium (100-999),Customer Chatbots,2025,576,7,147769.51696534833,181215.79392601206,24.041432344558565
ORG_208,Finance,Medium (100-999),Customer Chatbots,2026,3935,10,832110.2101818804,1203110.2360936408,35.43645203387477
ORG_209,Manufacturing,Medium (100-999),DevOps Copilots,2024,706,2,193170.60172073377,274978.3368668959,10.442966935278495
ORG_210,Education,Medium (100-999),Customer Chatbots,2026,2726,7,455450.5406455097,671072.9023191116,28.079934163430206
ORG_211,Retail,Small (<100),Generative AI Content,2023,4831,9,840099.0609599791,1068213.9652676706,35.34269997528697
ORG_212,Healthcare,Medium (100-999),Automation Systems,2023,3716,6,597349.4743267231,689748.2919969432,28.000501257505572
ORG_213,Education,Medium (100-999),DevOps Copilots,2022,1321,6,316131.8758046847,411769.26629573066,21.844517751513937
ORG_214,Retail,Medium (100-999),Automation Systems,2025,1626,8,392046.5906935424,471589.80153969873,32.52325495360492
ORG_215,Manufacturing,Small (<100),Automation Systems,2025,4408,3,906889.3237723573,1301704.2384973918,17.39483978805803
ORG_216,Education,Medium (100-999),Customer Chatbots,2024,4818,2,982243.3454695592,1480112.1726174245,17.059883609459803
ORG_217,Finance,Medium (100-999),Automation Systems,2024,2575,2,481301.56812123937,563449.7692044821,13.88463269309991
ORG_218,Healthcare,Medium (100-999),Customer Chatbots,2022,4412,3,1033999.8042653569,1300037.6214844456,17.010009707466512
ORG_219,Tech,Medium (100-999),Automation Systems,2024,1608,7,478712.5209881975,690470.2077250155,26.65630435274112
ORG_220,Manufacturing,Medium (100-999),Automation Systems,2024,1816,5,284978.94059836643,424724.0918312786,23.156504611858594
ORG_221,Manufacturing,Medium (100-999),DevOps Copilots,2022,945,5,258374.1818205247,390482.31271556806,17.916105222702335
ORG_222,Retail,Medium (100-999),Customer Chatbots,2022,2037,5,575671.023408862,881409.7961461969,18.36983005993589
ORG_223,Manufacturing,Small (<100),Predictive Analytics,2022,4826,6,1352874.7332115425,1904949.9015443244,27.84849309970585
ORG_224,Manufacturing,Large (1000+),DevOps Copilots,2023,2312,10,536600.458280347,667888.6796278957,32.6734306627808
ORG_225,Manufacturing,Large (1000+),Automation Systems,2022,3381,1,1016931.771197072,1558996.4698100707,9.996772419381397
ORG_226,Retail,Large (1000+),Customer Chatbots,2024,4740,5,1161911.6400572413,1739729.5031361177,25.188842348239927
ORG_227,Finance,Medium (100-999),Generative AI Content,2024,4008,6,957600.0135774532,1460390.8883181235,27.956779266478453
ORG_228,Finance,Large (1000+),Predictive Analytics,2024,2654,5,538176.6457844266,722593.0729885399,20.93739620552619
ORG_229,Retail,Small (<100),Automation Systems,2024,3774,1,643627.0008697072,708207.2248426424,17.080317693039724
ORG_230,Tech,Medium (100-999),Predictive Analytics,2025,2482,3,702325.9539153142,1005909.4417371425,18.989112091476102
ORG_231,Tech,Medium (100-999),Predictive Analytics,2023,757,2,118581.59669641983,143850.79312105934,16.799827251215792
ORG_232,Tech,Medium (100-999),Automation Systems,2026,3469,3,772900.0950993632,1161652.1613650045,13.532015332084258
ORG_233,Finance,Small (<100),Customer Chatbots,2025,1100,3,181845.1808132408,214951.60073012754,16.01187718826771
ORG_234,Tech,Medium (100-999),Customer Chatbots,2024,3634,4,597852.5902366458,945578.2175834995,18.145036681821693
ORG_235,Tech,Small (<100),Automation Systems,2022,4933,10,1280209.7760541607,1796727.6096115732,31.886465232658658
ORG_236,Finance,Medium (100-999),Predictive Analytics,2024,933,4,215549.7842590414,342475.94577412267,24.86882532843189
ORG_237,Education,Small (<100),DevOps Copilots,2023,4485,3,1190934.9397730315,1608386.7935300888,16.654319943754018
ORG_238,Retail,Small (<100),DevOps Copilots,2024,1260,5,208362.50948874524,308712.4080695261,23.998395329792476
ORG_239,Retail,Medium (100-999),Customer Chatbots,2025,1964,1,372031.4689989634,533135.8979954799,14.080523605693742
ORG_240,Tech,Small (<100),Predictive Analytics,2025,1352,8,401435.4091525557,586249.350397262,26.669629541923808
ORG_241,Tech,Large (1000+),Generative AI Content,2025,977,1,200136.5863252321,246463.1677036669,17.250505877781784
ORG_242,Retail,Medium (100-999),DevOps Copilots,2023,4102,10,727133.2152871029,841777.9838000251,37.40779962456412
ORG_243,Tech,Large (1000+),Automation Systems,2022,3874,6,811392.5060335115,1263316.901614981,27.40665828106577
ORG_244,Finance,Medium (100-999),Customer Chatbots,2026,2630,5,725634.5384792456,1042492.1901758215,18.02672149087074
ORG_245,Tech,Medium (100-999),Automation Systems,2026,574,8,167026.87934342914,190943.91939401554,29.567461759445756
ORG_246,Finance,Small (<100),Generative AI Content,2025,1997,8,418404.4972066078,574586.3694761482,32.95973541178755
ORG_247,Tech,Large (1000+),Automation Systems,2022,2847,1,842560.145647406,970607.8106545241,12.798144890600124
ORG_248,Tech,Medium (100-999),Automation Systems,2026,1176,5,198036.52202403903,254723.68174019267,27.24554790168251
ORG_249,Tech,Small (<100),Predictive Analytics,2024,3240,2,776872.5262262324,1185085.5189571204,19.260419517816366
ORG_250,Finance,Large (1000+),Generative AI Content,2023,2237,4,360976.2899958437,502606.78774309385,16.55410551321937
ORG_251,Tech,Medium (100-999),Customer Chatbots,2022,2945,4,645531.8624148803,739269.8307879543,23.075969046805415
ORG_252,Finance,Medium (100-999),DevOps Copilots,2021,2695,3,444781.93067165086,603448.9166073112,19.27183376989072
ORG_253,Finance,Large (1000+),Automation Systems,2026,3714,9,977259.0781703698,1467792.686094752,28.897930392731226
ORG_254,Tech,Large (1000+),Predictive Analytics,2022,3291,6,841013.1760145351,956647.0971136753,29.971614261304737
ORG_255,Tech,Medium (100-999),Predictive Analytics,2021,2726,2,431197.6752929332,598046.2092442286,18.216854015322838
ORG_256,Finance,Small (<100),Customer Chatbots,2022,1768,3,342907.58866667305,482489.25041838514,18.669771644904074
ORG_257,Retail,Medium (100-999),DevOps Copilots,2024,728,5,155249.80494691432,232657.1979323154,19.99147755136746
ORG_258,Education,Medium (100-999),Automation Systems,2026,2951,8,688078.840047067,929729.8083127775,28.883812745693003
ORG_259,Tech,Medium (100-999),Predictive Analytics,2021,2311,1,631818.6744986733,879488.0945796977,9.827621279208351
ORG_260,Tech,Small (<100),Predictive Analytics,2023,468,4,118321.41819835722,185481.01203055793,24.915419209392436
ORG_261,Tech,Small (<100),Generative AI Content,2025,2949,10,460326.6996483194,549683.8604774235,39.88006210404643
ORG_262,Manufacturing,Medium (100-999),Generative AI Content,2022,320,2,56051.965986467534,75053.27383841266,13.317339935742034
ORG_263,Retail,Large (1000+),Generative AI Content,2025,2660,1,416333.19219738775,619163.7496093267,15.964808875791347
ORG_264,Manufacturing,Large (1000+),Generative AI Content,2025,3250,10,540965.5550527854,637664.1991191008,39.486935320263235
ORG_265,Manufacturing,Large (1000+),Generative AI Content,2022,4613,10,1239198.816768818,1471766.4646468826,33.06823229297958
ORG_266,Retail,Small (<100),Automation Systems,2026,4702,7,1312487.3203206912,1563226.050367514,25.68216911860095
ORG_267,Manufacturing,Medium (100-999),DevOps Copilots,2022,4074,3,816259.3410210544,1028290.3283630002,18.861867702403682
ORG_268,Education,Large (1000+),Generative AI Content,2023,2182,4,411979.78812550975,475431.8029973742,15.012811574946898
ORG_269,Finance,Medium (100-999),Predictive Analytics,2025,4049,7,823171.9630489785,1230119.3682881761,28.280554909331318
ORG_270,Manufacturing,Small (<100),Customer Chatbots,2021,283,5,47386.85584678225,60224.14940902937,26.37931267734303
ORG_271,Tech,Small (<100),Automation Systems,2023,3964,1,857407.2392033191,1129291.239759841,8.035557426605955
ORG_272,Finance,Large (1000+),Customer Chatbots,2024,4434,5,1108694.7812486815,1437368.5768158012,22.99662633537162
ORG_273,Healthcare,Small (<100),Automation Systems,2023,2422,10,541059.7023059148,767815.2965431578,39.77057695999265
ORG_274,Healthcare,Small (<100),Customer Chatbots,2024,2180,2,541276.7724309829,698638.159541106,11.865829411579316
ORG_275,Tech,Medium (100-999),Generative AI Content,2022,2210,10,359536.0095227767,410897.0429179784,33.437913865460466
ORG_276,Healthcare,Large (1000+),DevOps Copilots,2022,509,7,143234.19072258245,219642.04104252448,27.2482438812192
ORG_277,Manufacturing,Medium (100-999),Automation Systems,2023,294,9,74425.45365537152,118438.983596411,28.974476540109656
ORG_278,Education,Medium (100-999),Predictive Analytics,2026,1588,3,250381.96384426748,315449.91269591614,19.771030091805304
ORG_279,Manufacturing,Small (<100),DevOps Copilots,2023,2681,5,617809.8781243337,921057.4273907164,18.62518842625934
ORG_280,Tech,Medium (100-999),DevOps Copilots,2025,830,2,197636.478176566,270330.4833977891,13.438691785774644
ORG_281,Finance,Medium (100-999),Customer Chatbots,2024,3885,1,687227.3629485343,989886.7135671396,11.517198982744107
ORG_282,Finance,Large (1000+),Predictive Analytics,2021,3902,5,1114393.4911434646,1499761.4660021577,24.46182844674975
ORG_283,Tech,Large (1000+),Predictive Analytics,2023,3639,6,697107.2505058849,832323.6419315096,22.113905021058976
ORG_284,Manufacturing,Medium (100-999),DevOps Copilots,2025,470,9,129789.75026726398,176792.21388623255,33.18672299600752
ORG_285,Tech,Large (1000+),Predictive Analytics,2025,2053,1,449119.46675289527,607462.4575054859,13.85409809075844
ORG_286,Tech,Small (<100),Generative AI Content,2024,3664,3,1082307.6247471208,1376830.0480630903,20.876537702567273
ORG_287,Finance,Large (1000+),Automation Systems,2023,3176,1,566075.9216985625,865278.5165820619,13.97379891761482
ORG_288,Retail,Small (<100),Customer Chatbots,2024,82,8,29779.35903773764,32883.317125787,27.523904413606516
ORG_289,Manufacturing,Medium (100-999),Generative AI Content,2023,3094,6,680735.5344321091,926017.4468573609,26.2360609618688
ORG_290,Healthcare,Small (<100),Generative AI Content,2024,4874,10,943985.9386407476,1197108.0528372373,32.76483249966761
ORG_291,Finance,Small (<100),Generative AI Content,2022,4247,4,1216206.6788970393,1751797.1919460932,22.212831975926107
ORG_292,Retail,Large (1000+),Generative AI Content,2026,3324,7,872585.3683669552,1271081.7072059126,29.36318110932671
ORG_293,Retail,Medium (100-999),Generative AI Content,2024,1402,9,249072.22171339171,368990.3116959365,29.33068357012595
ORG_294,Retail,Medium (100-999),Automation Systems,2022,1839,5,398949.7956040042,555651.4297466491,22.1376062818776
ORG_295,Tech,Small (<100),DevOps Copilots,2024,593,8,173076.8094556623,223413.53581692,27.983557538174633
ORG_296,Tech,Large (1000+),Predictive Analytics,2026,2817,7,844008.196817285,1119177.3316537766,24.593823683350777
ORG_297,Manufacturing,Medium (100-999),Predictive Analytics,2024,731,3,182795.38380889082,289303.65870876843,16.333164200534608
ORG_298,Tech,Small (<100),Generative AI Content,2026,2649,9,479700.117138134,587350.3694470659,34.435247471703974
ORG_299,Finance,Small (<100),Customer Chatbots,2024,2517,3,406883.88577626,554199.7860836565,16.836652300355883
ORG_300,Retail,Small (<100),Customer Chatbots,2023,1553,3,461211.32208544255,560007.003862797,19.77168828136321
ORG_301,Tech,Medium (100-999),DevOps Copilots,2024,1018,6,267890.6918624704,380447.79032262636,27.712496633435297
ORG_302,Retail,Medium (100-999),Automation Systems,2024,171,1,47881.33172452985,65771.76960208158,12.243963383277372
ORG_303,Tech,Medium (100-999),Automation Systems,2023,837,9,164865.6843865747,249825.31744923387,28.54914236900097
ORG_304,Retail,Small (<100),Automation Systems,2025,4087,4,993926.7561602234,1296953.2722889574,16.60373598630769
ORG_305,Healthcare,Large (1000+),Customer Chatbots,2023,32,1,13705.416137943055,15693.268015825628,12.617053469646589
ORG_306,Retail,Small (<100),Generative AI Content,2024,3751,5,714776.1520084508,938499.374402671,18.659010536596064
ORG_307,Manufacturing,Large (1000+),Automation Systems,2025,1406,6,290737.4610012227,447514.0807486581,20.929513154374224
ORG_308,Manufacturing,Small (<100),Customer Chatbots,2023,3749,5,1038559.3844866407,1361416.2476505428,26.36123886681419
ORG_309,Tech,Small (<100),Automation Systems,2026,1315,2,285886.1452846131,411446.35916798684,11.81260560537302
ORG_310,Finance,Medium (100-999),Automation Systems,2025,1080,8,313848.66000328795,352447.702362439,27.616128672284898
ORG_311,Finance,Medium (100-999),DevOps Copilots,2025,4733,10,874178.29492679,1231821.688873553,34.32847907108912
ORG_312,Retail,Medium (100-999),Customer Chatbots,2022,4583,10,730545.0661583617,1113659.5460656811,38.51871151446066
ORG_313,Manufacturing,Small (<100),Customer Chatbots,2023,2720,5,430875.708557644,560844.4095648165,19.84999999991287
ORG_314,Healthcare,Large (1000+),Customer Chatbots,2021,4093,8,810222.4734258613,905760.639218496,30.490987896931895
ORG_315,Manufacturing,Large (1000+),DevOps Copilots,2024,4174,9,760113.7783245732,920846.7212524166,32.04459982603584
ORG_316,Healthcare,Medium (100-999),Customer Chatbots,2025,2986,8,505114.3167507335,641837.9312745477,33.29883885634401
ORG_317,Education,Small (<100),DevOps Copilots,2023,880,1,255241.8442395713,375525.95317733026,11.592107572180144
ORG_318,Finance,Small (<100),Automation Systems,2026,3228,4,713911.0269017777,823769.707247381,19.144703451283302
ORG_319,Education,Large (1000+),DevOps Copilots,2022,3700,8,925434.9080400608,1040453.3285397271,34.35308280831653
ORG_320,Manufacturing,Medium (100-999),DevOps Copilots,2025,1461,10,263412.0214722711,376352.7983356573,36.061607739530196
ORG_321,Finance,Large (1000+),Customer Chatbots,2026,2043,5,432613.38969445694,649957.6711606684,18.881800056453457
ORG_322,Retail,Large (1000+),DevOps Copilots,2023,4497,6,1157014.198706583,1440817.9196384854,23.45293580898581
ORG_323,Retail,Large (1000+),Predictive Analytics,2024,2650,2,705420.2729382147,1108452.8522812729,17.10123631488367
ORG_324,Retail,Large (1000+),DevOps Copilots,2023,3470,1,798311.0581944502,1177582.6620619523,9.1093539434323
ORG_325,Finance,Small (<100),Automation Systems,2024,2427,4,645291.650059407,786480.0023347931,22.843071728708864
ORG_326,Manufacturing,Small (<100),Automation Systems,2026,3184,7,941896.0462153313,1296107.6385541763,22.629652376746385
ORG_327,Finance,Medium (100-999),Customer Chatbots,2025,3022,10,707665.2798556371,1119629.0216134137,32.94177721804492
ORG_328,Tech,Medium (100-999),Predictive Analytics,2026,4219,2,876006.6889321777,1020576.9330190279,15.839860576839312
ORG_329,Finance,Medium (100-999),Predictive Analytics,2021,2652,10,426889.7109483457,610855.7424623615,34.90550941153677
ORG_330,Healthcare,Medium (100-999),Generative AI Content,2024,1516,9,247933.52556700553,339301.4866576896,28.419455539390665
ORG_331,Tech,Small (<100),Generative AI Content,2023,2414,4,711979.4210558138,983006.7345350398,22.52133756735423
ORG_332,Retail,Small (<100),Generative AI Content,2023,2007,1,514018.19297783705,704265.9159645897,10.328289942793974
ORG_333,Education,Large (1000+),Generative AI Content,2024,4177,8,934553.1781315481,1177683.148539333,25.823454480485008
ORG_334,Tech,Large (1000+),DevOps Copilots,2024,546,4,141510.24555911392,193710.135553529,22.027428662675412
ORG_335,Education,Large (1000+),Automation Systems,2025,1269,1,282130.7486090508,317999.1692030416,15.442147869758903
ORG_336,Healthcare,Medium (100-999),Predictive Analytics,2026,3349,7,733493.3894343112,949691.2507757802,23.68305761626619
ORG_337,Tech,Medium (100-999),Automation Systems,2025,4807,1,1230674.8687032163,1824644.2436184436,11.876761494682249
ORG_338,Finance,Medium (100-999),Customer Chatbots,2022,1811,3,477583.4923175402,596515.2744062428,21.369781189722488
ORG_339,Education,Large (1000+),Generative AI Content,2026,101,9,33814.493178472825,46453.09029660297,28.351268567494387
ORG_340,Tech,Medium (100-999),Generative AI Content,2022,4208,3,736513.2642969751,1104644.7089311248,21.02251127767476
ORG_341,Manufacturing,Large (1000+),DevOps Copilots,2024,4512,2,880023.075605048,1113603.6103986658,11.282151465959515
ORG_342,Retail,Small (<100),DevOps Copilots,2021,1595,6,358763.01978562505,519032.888054012,21.523949620541334
ORG_343,Healthcare,Large (1000+),Customer Chatbots,2022,2575,4,696738.348366794,862798.9088433961,18.594859997503892
ORG_344,Retail,Medium (100-999),Customer Chatbots,2024,2948,5,658752.2506764809,751627.6531525129,20.30615939637375
ORG_345,Manufacturing,Large (1000+),Predictive Analytics,2023,636,2,188762.91392309347,284337.579000255,15.789007872725609
ORG_346,Manufacturing,Small (<100),Automation Systems,2024,4462,9,991768.0496118407,1201679.0537629074,35.22144843560463
ORG_347,Retail,Small (<100),Customer Chatbots,2024,751,7,161241.94553451933,188682.96187799962,24.092224179144587
ORG_348,Healthcare,Medium (100-999),Predictive Analytics,2025,3970,6,625737.7592840823,771020.6496394132,22.340186688513192
ORG_349,Retail,Medium (100-999),Generative AI Content,2023,3734,1,588018.8764449906,931551.6763007492,13.8356698177492
ORG_350,Finance,Medium (100-999),DevOps Copilots,2024,1434,7,359372.3525858636,545431.8300262869,27.66662897553939
ORG_351,Finance,Large (1000+),DevOps Copilots,2023,2836,8,769936.7371911235,935469.5808995925,30.14541273142971
ORG_352,Finance,Small (<100),Predictive Analytics,2023,979,4,212079.0514789196,304887.96475863847,19.790211633645292
ORG_353,Healthcare,Medium (100-999),Customer Chatbots,2021,363,3,87537.84765930628,98006.97442072208,18.222692992304644
ORG_354,Tech,Small (<100),Predictive Analytics,2024,3331,10,992819.2425394423,1453474.621018862,38.21303310122003
ORG_355,Education,Small (<100),DevOps Copilots,2026,3955,3,728030.4523565515,1012925.5631628913,20.17490112646551
ORG_356,Retail,Medium (100-999),Predictive Analytics,2025,2817,8,677236.0295523276,789729.4032964242,25.165626272734144
ORG_357,Healthcare,Large (1000+),Customer Chatbots,2025,4970,2,886211.485806116,1363769.8690189442,15.314299501726717
ORG_358,Manufacturing,Small (<100),Predictive Analytics,2026,4427,1,1267370.8905290375,1724919.8097027957,11.2037745024878
ORG_359,Tech,Medium (100-999),Predictive Analytics,2026,3959,7,809734.36487847,1062974.494628513,25.045180281783733
ORG_360,Manufacturing,Large (1000+),Automation Systems,2023,4464,7,847334.7037155092,1019097.369112658,30.54287152855856
ORG_361,Finance,Small (<100),Customer Chatbots,2024,2087,5,585287.092332024,724456.8160170577,24.306057050634486
ORG_362,Manufacturing,Medium (100-999),DevOps Copilots,2024,3042,9,713287.6104935245,907428.9142387741,34.55494607971085
ORG_363,Retail,Large (1000+),Automation Systems,2025,3668,3,610507.1178798738,916021.2819633327,18.64025367029439
ORG_364,Retail,Small (<100),Customer Chatbots,2026,53,2,19251.7157417335,22025.317063883747,12.630919979644585
ORG_365,Finance,Medium (100-999),Customer Chatbots,2026,3292,10,820615.8215528957,907071.9644788832,38.50567636317642
ORG_366,Education,Medium (100-999),Predictive Analytics,2021,4921,9,1122789.3037378215,1255312.761399174,29.89256625287377
ORG_367,Tech,Small (<100),Generative AI Content,2025,2902,7,617414.12459859,851757.9364146594,28.329324152178707
ORG_368,Finance,Large (1000+),Predictive Analytics,2024,1603,8,469347.52322129405,611826.0897339449,26.064649563925766
ORG_369,Tech,Small (<100),Automation Systems,2025,2121,9,582693.1112230129,922419.3518737241,33.1316860380493
ORG_370,Manufacturing,Large (1000+),Customer Chatbots,2024,4817,1,1074451.521118987,1605583.002659825,9.703823229440523
ORG_371,Retail,Large (1000+),Customer Chatbots,2026,4241,9,648851.510074258,743911.3156875935,34.236979167818134
ORG_372,Manufacturing,Small (<100),Predictive Analytics,2024,2906,4,830728.1647657631,1219271.8000846282,23.72742498408298
ORG_373,Tech,Small (<100),Predictive Analytics,2025,2926,3,788858.4903953484,870356.9110202884,21.07089337270513
ORG_374,Education,Large (1000+),Generative AI Content,2024,4043,10,1136293.2834458605,1770348.8158641781,32.80266623183187
ORG_375,Tech,Medium (100-999),Automation Systems,2024,3476,8,1013878.6735858195,1551437.2124755664,32.75903963854911
ORG_376,Healthcare,Small (<100),DevOps Copilots,2024,78,1,24126.968869548553,30901.849785764127,16.118420232810138
ORG_377,Tech,Small (<100),Generative AI Content,2024,2820,6,505346.2622336356,745940.5472034437,23.65077986227915
ORG_378,Finance,Medium (100-999),DevOps Copilots,2022,4727,4,1295219.0781518377,1784384.4981075407,23.563087387448803
ORG_379,Tech,Large (1000+),Predictive Analytics,2024,89,3,24939.226823759254,31370.146222172556,17.36620197445409
ORG_380,Finance,Large (1000+),Automation Systems,2023,1348,1,245532.10409752838,281907.9169558865,14.945932204623261
ORG_381,Finance,Medium (100-999),DevOps Copilots,2026,2121,6,330202.763198182,392039.6424396305,27.803090980992373
ORG_382,Finance,Medium (100-999),Customer Chatbots,2025,3671,2,763497.9488881064,895143.4483644946,11.67575535480534
ORG_383,Manufacturing,Medium (100-999),DevOps Copilots,2024,594,2,107169.09862651057,133498.20734320444,12.67472390870638
ORG_384,Retail,Small (<100),Customer Chatbots,2025,2985,10,685794.1209480087,1047280.2636042855,31.250399107320042
ORG_385,Tech,Small (<100),Automation Systems,2022,3262,2,543899.2010374884,612926.9275626537,17.70933705546055
ORG_386,Healthcare,Large (1000+),Automation Systems,2023,1282,2,325139.3500038653,397872.45674593205,12.84175280058089
ORG_387,Retail,Small (<100),Predictive Analytics,2021,2933,6,824301.0118947279,1292033.1342344733,25.485452744725713
ORG_388,Tech,Large (1000+),DevOps Copilots,2022,4905,8,1206112.2427879723,1642399.1063864536,31.39528248710812
ORG_389,Finance,Medium (100-999),DevOps Copilots,2022,743,8,150405.1167975165,166239.4530478198,30.233162404252575
ORG_390,Manufacturing,Small (<100),Generative AI Content,2024,78,8,27699.99351991555,36431.5205660574,27.929226130023878
ORG_391,Tech,Small (<100),Generative AI Content,2022,4602,7,963402.459342711,1247472.8835968082,26.283580602749616
ORG_392,Finance,Medium (100-999),Predictive Analytics,2024,2237,5,558289.6586879686,666598.0271540075,18.18463952708298
ORG_393,Tech,Small (<100),Customer Chatbots,2024,2239,10,505361.0479679763,800925.5547511403,30.2213088561548
ORG_394,Education,Small (<100),Predictive Analytics,2025,77,4,16314.673131478907,22011.72236820966,18.713970814919804
ORG_395,Retail,Small (<100),Automation Systems,2025,1206,1,233302.48425589272,277817.03436511516,16.456989783163316
ORG_396,Finance,Medium (100-999),Automation Systems,2022,2049,7,548640.2282229821,612696.7980527476,27.108346353122798
ORG_397,Manufacturing,Medium (100-999),Predictive Analytics,2024,2566,6,454017.18577855383,624178.274264194,21.22141512135511
ORG_398,Healthcare,Small (<100),Generative AI Content,2025,1794,2,337369.05612336146,505107.3310078623,15.846968600127816
ORG_399,Finance,Small (<100),Automation Systems,2024,3903,10,682426.7518123756,921248.5471528246,36.85944643755592
ORG_400,Finance,Large (1000+),Automation Systems,2021,1270,9,344601.2264598288,548204.6760977925,35.385618257868735
ORG_401,Manufacturing,Large (1000+),Customer Chatbots,2025,184,7,42395.77101689407,52882.67439160579,29.470377749956548
ORG_402,Tech,Small (<100),Generative AI Content,2023,3847,5,1085162.3948368984,1280677.95322701,22.81137430332791
ORG_403,Finance,Large (1000+),DevOps Copilots,2023,15,9,4890.48505272373,6989.210836027215,32.88956521593405
ORG_404,Finance,Medium (100-999),Customer Chatbots,2025,1272,10,249364.5738948408,286302.48655911494,36.58891030152737
ORG_405,Tech,Large (1000+),Predictive Analytics,2025,1665,2,372762.05016622203,565908.6182282825,16.579212582849685
ORG_406,Healthcare,Medium (100-999),Generative AI Content,2021,1818,10,475598.30881569907,675091.9946017974,33.60926051125078
ORG_407,Retail,Large (1000+),Generative AI Content,2025,487,10,99117.4437963727,118418.6040998792,35.261920217936975
ORG_408,Tech,Medium (100-999),Predictive Analytics,2024,4582,7,1207257.9506699285,1735127.0008612406,29.52550416180807
ORG_409,Finance,Small (<100),Predictive Analytics,2024,4144,6,1035612.5420433678,1622556.2905919112,29.024849706527217
ORG_410,Healthcare,Large (1000+),Generative AI Content,2023,3537,6,858619.3283171031,1273207.1997634508,29.261469225926575
ORG_411,Finance,Large (1000+),Customer Chatbots,2026,11,1,8953.001625463143,14295.311456157655,10.518416539323987
ORG_412,Finance,Small (<100),Generative AI Content,2021,2270,9,520153.9390546076,596691.243355469,32.10369805661259
ORG_413,Tech,Small (<100),DevOps Copilots,2022,2109,5,346237.5640204504,507976.54802935827,24.73580526744515
ORG_414,Manufacturing,Small (<100),DevOps Copilots,2025,791,10,198005.11462183832,309073.2617515664,33.34389644473271
ORG_415,Manufacturing,Medium (100-999),Automation Systems,2025,1867,10,546368.2753546357,615791.9998982059,35.24383351513611
ORG_416,Finance,Medium (100-999),Generative AI Content,2024,1818,3,292785.4937432693,387299.0279529718,18.4513219129484
ORG_417,Healthcare,Small (<100),Generative AI Content,2025,1222,3,249594.34665260205,342961.65201606613,15.125579765817447
ORG_418,Finance,Medium (100-999),Predictive Analytics,2025,3949,9,713861.7214374142,985545.9315583861,37.47078766939549
ORG_419,Healthcare,Small (<100),Generative AI Content,2025,2659,10,440607.05766860297,561401.2134194653,33.2073836285267
ORG_420,Healthcare,Small (<100),Generative AI Content,2022,2874,10,793041.9468821689,1046999.1272451613,39.24213206903427
ORG_421,Tech,Medium (100-999),Predictive Analytics,2025,712,2,188461.1407751413,221222.95013306724,18.32444755883023
ORG_422,Finance,Medium (100-999),Automation Systems,2023,3869,1,778999.5366494178,1069731.595062763,15.003551487524657
ORG_423,Healthcare,Medium (100-999),Predictive Analytics,2024,160,7,43578.6991622478,51647.72340846457,25.340135410479906
ORG_424,Manufacturing,Medium (100-999),Automation Systems,2024,78,2,15942.507797852755,22798.58625222249,18.642822735599534
ORG_425,Tech,Large (1000+),Customer Chatbots,2022,3128,9,930419.4653090746,1426692.5290593582,32.815606451632135
ORG_426,Tech,Medium (100-999),Customer Chatbots,2024,186,1,39953.68299870332,51807.937105182944,9.070052505908327
ORG_427,Finance,Medium (100-999),Generative AI Content,2022,4116,5,1127220.1105252574,1741781.6905185939,25.64858637678337
ORG_428,Tech,Medium (100-999),Generative AI Content,2022,2809,7,700858.9209877577,1107569.3479876632,28.624483933501054
ORG_429,Retail,Small (<100),Predictive Analytics,2024,3503,5,1007190.9152996871,1212032.0311850011,18.885765267985366
ORG_430,Healthcare,Large (1000+),Predictive Analytics,2023,4301,3,928837.8164756065,1095122.0391254406,13.178140413562975
ORG_431,Healthcare,Medium (100-999),Predictive Analytics,2023,1202,1,325533.7741336861,425025.3208567846,11.93004487049652
ORG_432,Education,Large (1000+),Generative AI Content,2022,1549,2,268932.0649717265,378167.1629367059,15.963606926216373
ORG_433,Tech,Small (<100),Automation Systems,2024,3914,3,888262.3198965653,1143175.5744838763,21.02129432465585
ORG_434,Healthcare,Small (<100),Predictive Analytics,2022,3357,1,976539.6685223888,1401988.260166324,9.52833576185827
ORG_435,Tech,Small (<100),Customer Chatbots,2025,4023,6,1133828.3935322447,1687258.3768992615,26.079299579212947
ORG_436,Manufacturing,Medium (100-999),Customer Chatbots,2024,4695,10,1088479.823366865,1218287.5585032015,31.0931629278965
ORG_437,Healthcare,Large (1000+),Predictive Analytics,2024,3250,1,764529.0203404252,859825.8231093689,10.411793622341296
ORG_438,Finance,Medium (100-999),Generative AI Content,2024,3470,5,841472.2534317668,985464.8250439194,25.798935044266393
ORG_439,Healthcare,Medium (100-999),Automation Systems,2022,4805,9,822732.1739946326,978589.9724617717,33.40315475289654
ORG_440,Retail,Small (<100),Customer Chatbots,2021,2664,3,691390.0083134689,941610.0349427225,16.340873742615717
ORG_441,Manufacturing,Medium (100-999),Predictive Analytics,2023,3127,1,837657.8207882053,1197653.9767932312,9.000897345105118
ORG_442,Manufacturing,Small (<100),Automation Systems,2023,2545,8,496975.7346359066,747315.9705944672,31.079839310251394
ORG_443,Healthcare,Small (<100),Customer Chatbots,2024,3629,2,874572.2125436653,1320657.1236723477,12.076376009651929
ORG_444,Tech,Small (<100),Generative AI Content,2021,275,10,78164.2633593267,92947.01681361119,36.72090495261405
ORG_445,Retail,Medium (100-999),DevOps Copilots,2024,4615,3,1367503.59598524,1528759.6491716725,20.18511983001936
ORG_446,Finance,Large (1000+),Automation Systems,2025,4519,2,877240.6511160141,1085330.2667885346,15.270527334046207
ORG_447,Healthcare,Medium (100-999),DevOps Copilots,2021,4690,9,1402807.6117813177,2198123.5479454827,37.36278442344111
ORG_448,Finance,Medium (100-999),Generative AI Content,2023,4721,10,960826.4114885458,1306582.5821479256,36.31857607496836
ORG_449,Healthcare,Small (<100),DevOps Copilots,2022,2389,4,363473.822503571,501669.3876353037,21.375035435880566
ORG_450,Tech,Small (<100),Generative AI Content,2023,565,5,115935.35532052776,134127.7436330729,20.832828904789803
ORG_451,Finance,Medium (100-999),Automation Systems,2025,1599,6,447624.5078263924,598585.9745788861,20.355582508865908
ORG_452,Tech,Small (<100),Customer Chatbots,2025,4408,6,968804.5351256296,1339344.4849801627,26.781976246498736
ORG_453,Healthcare,Small (<100),DevOps Copilots,2024,2906,2,866292.8093651349,1121661.3212240979,15.951918670299994
ORG_454,Manufacturing,Large (1000+),Generative AI Content,2025,2234,7,371244.564952881,562334.8100457519,25.526287050257615
ORG_455,Healthcare,Small (<100),Generative AI Content,2025,1665,2,362431.87568431505,489292.8737268896,11.902116785952142
ORG_456,Education,Medium (100-999),DevOps Copilots,2023,2691,3,726861.4090886059,874118.8459630269,12.865525369299085
ORG_457,Finance,Large (1000+),Automation Systems,2021,370,10,103727.34193312793,119447.36734930877,37.66180184922995
ORG_458,Retail,Small (<100),Generative AI Content,2024,1729,6,314798.40756790526,467914.322150405,26.71124041957042
ORG_459,Finance,Small (<100),Automation Systems,2021,4594,9,764970.6208978875,945141.1299172804,36.932778187420496
ORG_460,Manufacturing,Medium (100-999),Predictive Analytics,2021,2784,9,605469.139342655,870512.025334414,28.559269188612674
ORG_461,Tech,Medium (100-999),Predictive Analytics,2025,4865,8,1180981.065533129,1720039.096240159,31.70870265433936
ORG_462,Healthcare,Large (1000+),Customer Chatbots,2024,771,8,130068.9079104873,192924.28462835203,29.705458747721778
ORG_463,Education,Small (<100),DevOps Copilots,2023,2987,7,537339.1923033232,822341.6411725772,25.747610885894527
ORG_464,Healthcare,Small (<100),Automation Systems,2023,3788,3,732357.4231159969,991593.5196435684,16.55685982238895
ORG_465,Retail,Small (<100),DevOps Copilots,2024,2484,9,549767.1941678887,671730.5890231178,29.090202895841877
ORG_466,Healthcare,Small (<100),Predictive Analytics,2025,4851,7,1302313.126964735,1787116.6916900044,24.86154319145422
ORG_467,Retail,Small (<100),DevOps Copilots,2025,946,10,230819.13508634098,305283.26143492386,33.08035723536338
ORG_468,Finance,Medium (100-999),DevOps Copilots,2025,3114,6,703589.5009811284,1061376.578988005,28.872615365741247
ORG_469,Education,Medium (100-999),Automation Systems,2025,1232,8,287081.7291369943,343876.0578781664,31.81516787986646
ORG_470,Finance,Medium (100-999),Generative AI Content,2026,3571,6,1071829.0300296885,1452555.4987900788,28.47636745330361
ORG_471,Manufacturing,Small (<100),DevOps Copilots,2026,16,9,5889.217100349189,9027.2264707057,29.852411704638264
ORG_472,Retail,Medium (100-999),Generative AI Content,2025,3336,7,721970.3997607521,844369.2420144718,28.05421578769349
ORG_473,Manufacturing,Medium (100-999),Customer Chatbots,2022,1038,3,163101.32575969337,251574.71696150833,19.07926696812623
ORG_474,Education,Small (<100),Predictive Analytics,2024,3416,8,976046.7085332898,1280634.1305790183,33.20071424916728
ORG_475,Finance,Small (<100),Customer Chatbots,2024,4744,8,1317372.9271169084,1719723.526407493,30.461662603642967
ORG_476,Finance,Large (1000+),DevOps Copilots,2024,3029,2,724662.7571918679,1108498.7418228,17.505822090720372
ORG_477,Finance,Medium (100-999),DevOps Copilots,2025,734,4,163165.03271763734,244592.39876243754,18.124997214454346
ORG_478,Tech,Medium (100-999),Automation Systems,2024,4209,8,997829.6260731304,1585431.7930184982,27.946179456204803
ORG_479,Tech,Medium (100-999),DevOps Copilots,2025,4627,5,741566.1724185975,834862.5698531711,27.403648293894022
ORG_480,Manufacturing,Medium (100-999),Generative AI Content,2024,1048,9,175584.44821916035,247205.14801036543,30.252171148200212
ORG_481,Finance,Medium (100-999),DevOps Copilots,2022,4857,3,1213235.9585691162,1809254.9297418625,14.86195880807329
ORG_482,Tech,Medium (100-999),Automation Systems,2023,701,3,174248.73731950973,225056.79340323075,19.106672886027766
ORG_483,Retail,Small (<100),DevOps Copilots,2025,2836,1,704609.4703114475,834116.8307324649,11.487448027449245
ORG_484,Finance,Medium (100-999),DevOps Copilots,2022,3205,8,612191.8195443645,761809.1194870253,32.973090443672284
ORG_485,Finance,Medium (100-999),DevOps Copilots,2024,346,2,101673.5720131773,155476.97289041997,13.349674066180446
ORG_486,Finance,Small (<100),DevOps Copilots,2023,1990,10,533705.8550426489,852118.7301259296,33.13269827869628
ORG_487,Tech,Small (<100),Automation Systems,2021,810,9,138887.12405528655,172448.99057847797,29.430795314464106
ORG_488,Tech,Small (<100),DevOps Copilots,2024,1786,10,444653.65342843044,679528.7895075465,31.299072532054666
ORG_489,Retail,Large (1000+),DevOps Copilots,2025,1523,2,390784.3648239504,612785.4571274397,16.387805078435225
ORG_490,Education,Small (<100),Customer Chatbots,2024,2659,5,467847.5803783215,528681.484949737,27.05605699217326
ORG_491,Finance,Medium (100-999),Customer Chatbots,2026,1653,10,350863.578267201,480794.0026235503,34.31253576415676
ORG_492,Retail,Small (<100),Customer Chatbots,2025,856,1,143089.50682144004,189298.97898729597,16.465123928912085
ORG_493,Tech,Medium (100-999),Automation Systems,2024,2192,3,567241.8933961252,770139.4979483939,21.899110732301374
ORG_494,Healthcare,Medium (100-999),Automation Systems,2024,37,7,17952.001018057963,24838.78252496247,31.85042187508951
ORG_495,Finance,Medium (100-999),Customer Chatbots,2021,752,6,177512.7652381726,252759.76712303312,21.76618304509487
ORG_496,Tech,Medium (100-999),Predictive Analytics,2023,3205,2,788391.488786948,1116674.263037572,17.353241830279266
ORG_497,Tech,Small (<100),DevOps Copilots,2022,3194,2,864884.7951191542,1368660.2293272873,18.117780867912415
ORG_498,Education,Small (<100),Generative AI Content,2021,360,7,68549.34724918897,91114.77662530818,29.28077823446691
ORG_499,Manufacturing,Small (<100),DevOps Copilots,2022,600,1,161152.53180105728,250364.87148820408,13.683720830515153
ORG_500,Tech,Medium (100-999),Automation Systems,2022,419,5,115879.43572944294,175867.4475960508,18.139576153293262
ORG_501,Manufacturing,Small (<100),DevOps Copilots,2025,1816,2,495189.9014350631,787894.8578014437,16.783978372961926
ORG_502,Finance,Large (1000+),DevOps Copilots,2024,2644,4,705173.4139102527,818264.0098420398,16.412368026193235
ORG_503,Finance,Medium (100-999),DevOps Copilots,2022,2005,10,319725.35435440054,354196.59559224057,34.869674748236136
ORG_504,Tech,Small (<100),Automation Systems,2025,4873,5,1044825.1766660048,1511004.4019993832,19.561602185896625
ORG_505,Retail,Medium (100-999),Customer Chatbots,2022,1439,10,371315.7492935729,522079.19254924165,30.880211936473223
ORG_506,Manufacturing,Medium (100-999),Customer Chatbots,2021,1940,4,330309.3541689352,423109.98268236103,22.611282392351487
ORG_507,Healthcare,Small (<100),Predictive Analytics,2023,1596,2,435002.5610891045,624259.6984856286,10.431156013461024
ORG_508,Retail,Small (<100),Customer Chatbots,2023,3722,1,618279.1998259425,728965.2766613468,7.790652251620695
ORG_509,Healthcare,Small (<100),Predictive Analytics,2025,4865,10,969429.7544098865,1224237.0747214516,37.78975278959668
ORG_510,Finance,Small (<100),Customer Chatbots,2025,3086,4,502245.63829734863,661925.8649070523,17.161651620856457
ORG_511,Retail,Small (<100),Generative AI Content,2022,1600,6,477962.7622832718,691184.466894961,20.59651719634266
ORG_512,Tech,Large (1000+),Customer Chatbots,2023,2824,4,805772.4375053965,1143390.772103245,21.115280904291428
ORG_513,Tech,Large (1000+),Predictive Analytics,2021,4284,8,1199801.284700276,1597393.1841412433,25.145038569719922
ORG_514,Finance,Large (1000+),Predictive Analytics,2023,4756,4,1354996.2539307466,1879177.0865177854,15.05077581240027
ORG_515,Education,Small (<100),Customer Chatbots,2025,4140,1,888452.6933124538,1286769.8046407795,8.479992035958272
ORG_516,Healthcare,Small (<100),Automation Systems,2024,3341,4,570670.156825466,653625.4829150933,19.797829513924988
ORG_517,Finance,Medium (100-999),DevOps Copilots,2025,209,8,46712.24695886231,55703.0871540771,33.71551799553785
ORG_518,Retail,Medium (100-999),Automation Systems,2025,589,7,171692.23485427073,225423.51316650928,25.197893805656953
ORG_519,Education,Medium (100-999),Predictive Analytics,2025,673,10,195727.34679896422,307812.78743207804,36.74652966588665
ORG_520,Manufacturing,Small (<100),Generative AI Content,2024,344,6,77230.55609413768,106607.44584400271,27.735755086296244
ORG_521,Tech,Medium (100-999),DevOps Copilots,2022,3929,10,1110570.9439569463,1644136.9263598537,33.2046381646925
ORG_522,Manufacturing,Medium (100-999),Customer Chatbots,2023,529,6,111643.88874895757,129658.1568371813,27.09825288742069
ORG_523,Retail,Medium (100-999),Generative AI Content,2024,3025,2,543758.6920336483,858664.7131617602,10.769473098916182
ORG_524,Tech,Small (<100),Predictive Analytics,2024,1683,9,495002.02904270793,713397.7595158529,36.817214722337376
ORG_525,Healthcare,Medium (100-999),Automation Systems,2023,525,1,153247.4914778553,194838.28434857688,13.96051226458135
ORG_526,Finance,Medium (100-999),DevOps Copilots,2025,3657,8,718832.3402987565,964760.3792780804,34.707240483771734
ORG_527,Manufacturing,Small (<100),Generative AI Content,2023,1372,10,402003.0609079233,637819.2803857682,38.39331676871413
ORG_528,Retail,Medium (100-999),Predictive Analytics,2022,967,1,294654.1120354271,378582.2318095717,9.55155361909324
ORG_529,Retail,Medium (100-999),Generative AI Content,2022,3683,9,1096477.4082065038,1219790.1111956285,36.81068915869422
ORG_530,Manufacturing,Large (1000+),Generative AI Content,2022,4484,9,901759.2776209684,1122612.3808194064,36.9400952573241
ORG_531,Education,Medium (100-999),Predictive Analytics,2025,3631,6,922238.7843650595,1156525.3399635928,24.016299219244868
ORG_532,Manufacturing,Medium (100-999),Automation Systems,2023,4991,4,1190673.6128201762,1709544.0359729482,15.873769370901547
ORG_533,Healthcare,Small (<100),Generative AI Content,2024,4200,1,1206762.1139602107,1842607.5275446633,11.19629967109208
ORG_534,Finance,Small (<100),Generative AI Content,2023,3660,9,603498.2805440481,963363.4500211084,35.53685504514756
ORG_535,Finance,Large (1000+),Customer Chatbots,2025,3403,3,942329.2463862769,1179433.9561587635,22.383824278974966
ORG_536,Healthcare,Medium (100-999),DevOps Copilots,2025,734,1,162610.13803847684,224061.63486903603,14.602470067733252
ORG_537,Manufacturing,Small (<100),Predictive Analytics,2025,2381,9,538949.3738014161,750543.1222906426,32.441004854387124
ORG_538,Retail,Small (<100),Automation Systems,2022,2468,8,421969.46843639645,502011.23376745544,34.0679319715383
ORG_539,Retail,Small (<100),Generative AI Content,2024,556,10,151220.4195059913,231998.27846930572,36.279960474812455
ORG_540,Healthcare,Medium (100-999),Automation Systems,2023,4722,1,1306927.4687534762,1526162.8486363012,9.13308851814928
ORG_541,Finance,Medium (100-999),Generative AI Content,2021,2399,9,592973.9174423979,838473.9994418157,35.146893791445244
ORG_542,Healthcare,Small (<100),Generative AI Content,2025,2476,5,631688.5194474261,878061.7734712994,25.733148168304375
ORG_543,Tech,Medium (100-999),Generative AI Content,2025,3385,6,978862.4821450211,1323120.0444464947,28.315735547871647
ORG_544,Manufacturing,Medium (100-999),DevOps Copilots,2025,4524,2,965125.4560711246,1128720.9680412342,14.419379077086328
ORG_545,Education,Medium (100-999),Generative AI Content,2022,2505,1,662617.3477804947,830732.7527887395,9.598410064743328
ORG_546,Education,Medium (100-999),Automation Systems,2021,3977,7,626962.6424586019,726938.8007262674,25.030124712234848
ORG_547,Tech,Medium (100-999),Automation Systems,2025,4939,4,1178051.1425833732,1313090.624437967,16.45556977732938
ORG_548,Retail,Small (<100),DevOps Copilots,2023,1325,9,359717.2300602246,407979.958237658,35.69586504832906
ORG_549,Manufacturing,Medium (100-999),Predictive Analytics,2026,1417,9,218182.72734835988,260196.62375584248,34.235256981681864
ORG_550,Tech,Large (1000+),Customer Chatbots,2023,4222,4,897727.1122353057,1196626.115532827,20.197275812619356
ORG_551,Healthcare,Medium (100-999),Generative AI Content,2024,342,2,71291.87073428583,99822.50342023138,13.1200691079383
ORG_552,Education,Medium (100-999),DevOps Copilots,2023,3515,4,986365.580235336,1091307.8967210827,21.741589120898276
ORG_553,Retail,Medium (100-999),DevOps Copilots,2024,706,2,125249.87447938806,144145.2055981045,19.25290315541831
ORG_554,Education,Small (<100),Predictive Analytics,2023,4883,7,831588.6683637978,1030553.8797275171,29.634938073603223
ORG_555,Healthcare,Small (<100),Customer Chatbots,2023,4951,7,1481080.0389695677,1965863.2633832048,23.721900600991386
ORG_556,Healthcare,Small (<100),Predictive Analytics,2021,442,2,104859.49412146761,131218.68636105527,16.232326186920226
ORG_557,Manufacturing,Medium (100-999),DevOps Copilots,2025,3827,4,747555.2441217831,1025061.9971839389,23.094815973913096
ORG_558,Healthcare,Small (<100),Automation Systems,2026,985,7,221426.50199742863,247552.73884780466,24.268691730250907
ORG_559,Retail,Large (1000+),Predictive Analytics,2024,1111,5,290876.9403659599,418139.1766740356,24.100785892738692
ORG_560,Retail,Medium (100-999),Customer Chatbots,2024,1290,9,207300.02812473322,267188.7683795385,34.264877837357204
ORG_561,Manufacturing,Small (<100),Automation Systems,2021,379,3,107419.5244309711,119606.26102689528,21.41342890450008
ORG_562,Finance,Small (<100),Generative AI Content,2026,3384,6,540107.0604639528,678401.3458998962,20.849417366861477
ORG_563,Retail,Large (1000+),Automation Systems,2023,171,9,38033.26316986201,52638.975741492475,36.51409845211898
ORG_564,Finance,Medium (100-999),DevOps Copilots,2021,2602,7,617233.7132116337,829672.7859849703,29.40863964521224
ORG_565,Tech,Medium (100-999),Generative AI Content,2022,2463,6,729798.152970133,1158228.8092567446,20.753211814193463
ORG_566,Manufacturing,Small (<100),Generative AI Content,2021,4708,7,1281181.5208579055,1788442.7026438774,25.23364931846185
ORG_567,Healthcare,Medium (100-999),Customer Chatbots,2022,638,5,146954.0779802648,184673.73390146362,21.64314250665165
ORG_568,Finance,Medium (100-999),DevOps Copilots,2022,162,9,50598.83916059822,79999.72663253875,34.92208010987215
ORG_569,Healthcare,Large (1000+),DevOps Copilots,2025,3563,10,925900.3050373214,1232598.617095543,32.40373947847431
ORG_570,Retail,Large (1000+),Customer Chatbots,2023,537,4,152571.02784109593,180078.3872501118,21.868549034091252
ORG_571,Tech,Small (<100),Predictive Analytics,2022,2021,5,449224.0404889036,639452.913399334,17.870037347226628
ORG_572,Tech,Small (<100),Generative AI Content,2025,2285,9,408019.3710499021,624184.7702720255,28.339295410655794
ORG_573,Retail,Large (1000+),Customer Chatbots,2025,749,7,224209.45538391467,259178.54809610196,29.844804070908467
ORG_574,Education,Medium (100-999),DevOps Copilots,2026,4312,5,969391.4437847616,1441092.9020099672,20.634103292918645
ORG_575,Manufacturing,Medium (100-999),Predictive Analytics,2026,1795,3,301657.5391660706,393418.0756739038,21.128999336770246
ORG_576,Tech,Medium (100-999),Automation Systems,2023,3481,8,885995.5248427026,1291635.830457413,33.21365366191949
ORG_577,Tech,Large (1000+),DevOps Copilots,2021,457,4,89796.19231576724,130232.17209329837,24.031570986825994
ORG_578,Retail,Medium (100-999),Predictive Analytics,2025,3192,1,918485.0339509154,1388155.904049308,9.854604549513972
ORG_579,Tech,Large (1000+),Customer Chatbots,2024,3338,1,642801.725682768,1004858.9041179994,10.827222147389204
ORG_580,Finance,Large (1000+),Automation Systems,2025,2147,9,347420.874634088,477308.98593596765,30.767683420573306
ORG_581,Retail,Large (1000+),Predictive Analytics,2024,1124,1,241793.0065620741,275913.87469299725,9.078224394440916
ORG_582,Healthcare,Large (1000+),Predictive Analytics,2025,3371,6,740424.8447575398,878691.4195761073,25.93020415505533
ORG_583,Finance,Small (<100),Automation Systems,2023,1500,7,431851.64076105313,685376.09992254,24.482662026717
ORG_584,Retail,Small (<100),Customer Chatbots,2024,4928,5,854760.50497432,1164969.204606441,25.23359320461668
ORG_585,Education,Large (1000+),Customer Chatbots,2022,1674,4,495119.17888769903,729420.2266902459,18.820735151335548
ORG_586,Finance,Small (<100),Predictive Analytics,2026,2328,4,499913.69043055247,622440.776637563,17.61799463894111
ORG_587,Retail,Large (1000+),Generative AI Content,2024,3763,2,573415.6571100515,829452.5022563058,16.868524492697244
ORG_588,Retail,Medium (100-999),DevOps Copilots,2023,790,9,129712.68632894056,201588.2069401921,37.467394367335324
ORG_589,Education,Large (1000+),DevOps Copilots,2025,382,1,77423.15178911824,100444.80265218673,11.20901213081466
ORG_590,Education,Medium (100-999),DevOps Copilots,2022,1401,9,317682.9183668065,363691.0263038287,34.6025557466167
ORG_591,Finance,Small (<100),Generative AI Content,2021,1057,8,306310.0585557258,478798.9257694011,27.829255081921268
ORG_592,Manufacturing,Medium (100-999),Generative AI Content,2024,3579,3,713925.9705090291,804316.918766921,13.98620807040983
ORG_593,Tech,Small (<100),Generative AI Content,2022,3836,7,649844.6497896957,858288.7181979007,32.38818583704749
ORG_594,Healthcare,Medium (100-999),Automation Systems,2025,1222,2,250962.53635164181,380829.8340535078,17.49936651503576
ORG_595,Manufacturing,Medium (100-999),DevOps Copilots,2022,43,9,14660.828226397394,16818.207393097033,30.78657776310758
ORG_596,Finance,Large (1000+),Automation Systems,2023,4846,2,1343631.4156239342,1783036.1844780177,19.552015309730056
ORG_597,Healthcare,Small (<100),Automation Systems,2024,3721,6,1093122.0871027086,1674268.8815698754,28.0155796292159
ORG_598,Finance,Large (1000+),Automation Systems,2024,4943,7,813966.5064166954,1209097.384524586,26.489172584503017
ORG_599,Tech,Small (<100),Customer Chatbots,2025,2344,3,398948.3216737978,599689.7809351421,15.601013072113265
ORG_600,Retail,Small (<100),Automation Systems,2025,4209,4,947999.2366332385,1309687.999853531,19.23070580439436
